Designator,Val,Package,Mid X,Mid Y,Rotation,Layer
C1,1uF,C_0402_1005Metric,124.739411,-73.860589,45,top
C2,0.1uF,C_0402_1005Metric,123,-73.3,90,top
C3,0.1uF,C_0402_1005Metric,124.6,-75.5,0,top
C4,0.1uF,C_0402_1005Metric,124.7,-79.1,0,top
C5,0.1uF,C_0402_1005Metric,119.715,-84.18,-90,top
C6,0.1uF,C_0402_1005Metric,114.9,-79.62,-90,top
C7,0.1uF,C_0402_1005Metric,114.72,-74.5,180,top
C8,0.1uF,C_0402_1005Metric,120.9,-68.3,90,top
C9,0.1uF,C_0402_1005Metric,122,-67.7,90,top
C10,1uF,C_0402_1005Metric,119.8,-69.3,90,top
C11,0.1uF,C_0402_1005Metric,120.815,-84.2,-90,top
C12,0.1uF,C_0402_1005Metric,122.68,-71.17,0,top
C13,10uF,C_0603_1608Metric,115.125,-60.5,180,top
C14,10uF,C_0603_1608Metric,116.025,-66,180,top
C15,33pF,C_0402_1005Metric,114.315,-86.15,-90,top
C16,33pF,C_0402_1005Metric,119.715,-86.15,90,top
C17,0.1uF,C_0402_1005Metric,117.555,-67.95,180,top
D1,LED,LED_0603_1608Metric,124.3,-85.4,90,top
J1,USB_A,USB_A_CNCTech_1001-011-01101_Horizontal,119.5,-48.3,90,top
R1,22,R_0402_1005Metric,120.2,-72.5,-90,top
R2,22,R_0402_1005Metric,121.2,-72.5,-90,top
R3,1K,R_0402_1005Metric,117.615,-83.75,180,top
R4,10K,R_0402_1005Metric,115.485,-67.95,180,top
R5,1K,R_0402_1005Metric,124.99,-66.2,180,top
R6,1K,R_0402_1005Metric,124.3,-82.7,-90,top
SW1,SW_Push,SW_Push_SPST_NO_Alps_SKRK,124.7,-62.8,-90,top
U1,RP2040,QFN-56-1EP_7x7mm_P0.4mm_EP3.2x3.2mm,119.5,-78.1,0,top
U2,MCP1700x-330xxTT,SOT-23,116.05,-63.2625,90,top
U3,W25Q16JVUXIQ TR,Winbond_USON-8-1EP_3x2mm_P0.5mm_EP0.2x1.6mm,116.3,-69.8,0,top
Y1,12 MHz,Crystal_SMD_3225-4Pin_3.2x2.5mm,117.015,-86.15,180,top
