Id;Designator;Footprint;Quantity;Comment;Supplier and ref
1;R2,R1;R_0402_1005Metric;2;22;
2;D1;LED_0603_1608Metric;1;LED;
3;C17,C2,C4,C12,C5,C7,C8,C3,C9,C6,C11;C_0402_1005Metric;11;0.1uF;
4;C13,C14;C_0603_1608Metric;2;10uF;
5;TP2,TP1,TP3;TestPoint_Pad_1.5x1.5mm;3;TestPoint;
6;Y1;Crystal_SMD_3225-4Pin_3.2x2.5mm;1;12 MHz;
7;C10,C1;C_0402_1005Metric;2;1uF;
8;R5,R3,R6;R_0402_1005Metric;3;1K;
9;U1;QFN-56-1EP_7x7mm_P0.4mm_EP3.2x3.2mm;1;RP2040;
10;R4;R_0402_1005Metric;1;10K;
11;J1;USB_A_CNCTech_1001-011-01101_Horizontal;1;USB_A;
12;U3;Winbond_USON-8-1EP_3x2mm_P0.5mm_EP0.2x1.6mm;1;W25Q16JVUXIQ TR;
13;C16,C15;C_0402_1005Metric;2;33pF;
14;U2;SOT-23;1;MCP1700x-330xxTT;
15;SW1;SW_Push_SPST_NO_Alps_SKRK;1;SW_Push;
